Sr. No, Item,Price,Shipping Price
1,Corsair Gaming K70 LUX Mechanical Keyboard Backlit Red LED Cherry MX Red (CH-9101020-NA),$99.99 ,Free Shipping
2,MasterKeys Lite L Combo RGB Keyboard and Mouse  Mem-chanical Switches  Zoned Brilliant RGB Lighting  Precision Optical Sensor with On-the-fly DPI Settings by Cooler Master,$54.99 (,Free Shipping
3,G.SKILL RIPJAWS KM570 MX Mechanical Gaming Keyboard - Cherry MX Brown,$89.99 (,Free Shipping
4,Corsair Gaming K70 RGB RAPIDFIRE Mechanical Keyboard  Backlit RGB LED  Cherry MX Speed RGB,$139.99 ,Free Shipping
5,Corsair Gaming STRAFE Mechanical Gaming Keyboard - Cherry MX Red,$99.99 (,Free Shipping
6,G.SKILL RIPJAWS KM780 MX Mechanical Gaming Keyboard - Cherry MX Blue with Gaming Keycaps,$104.99 ,Free Shipping
7,G.SKILL RIPJAWS KM780 MX Mechanical Gaming Keyboard - Cherry MX Brown with Gaming Keycaps,$79.99 ,Free Shipping
8,G.SKILL RIPJAWS KM570 MX Mechanical Gaming Keyboard - Cherry MX Red,$79.99 (,Free Shipping
9,G.SKILL RIPJAWS KM570 MX Mechanical Gaming Keyboard - Cherry MX Blue,$79.99 (,Free Shipping
10,G.SKILL RIPJAWS KM780R RGB Mechanical Gaming Keyboard - Cherry MX Red,$134.99 ,Free Shipping
11,G.SKILL RIPJAWS KM570 RGB Mechanical Gaming Keyboard - Cherry MX RGB Brown,$109.99 ,Free Shipping
12,Devastator II LED Gaming Keyboard and Mouse Combo Bundle with Blue LED Edition by Cooler Master,$29.99 (,Free Shipping
13,Logitech G910 Orion Spark RGB Mechanical Gaming Keyboard,$139.99 ,Free Shipping
14,Corsair Vengeance K65 Compact Mechanical Gaming Keyboard - Cherry MX Red Switches,$59.99 (,Free Shipping
15,Logitech G810 Orion Spectrum RGB Mechanical Gaming Keyboard,$129.99 ,Free Shipping
16,Tt eSPORTS Challenger Prime Backlit Gaming Keyboard,$29.99 (,Free Shipping
17,RAZER Blackwidow Tournament Edition Gaming Mechanical Keyboard,$74.99 (,Free Shipping
18,Logitech G105 Illuminated USB Gaming Keyboard,$45.99 (,Free Shipping
19,Devastator II  LED Gaming Keyboard and Mouse Combo Bundle with Red LED Edition by Cooler Master,$29.99 (,Free Shipping
20,Corsair Gaming K55 RGB Keyboard  Backlit RGB LED,$49.99 (,Free Shipping
21,GAMDIAS GKC6001 ARES 7 Color Essential Membrane Gaming Keyboard& 3200 DPI Optical Mouse Combo,$20.87 (,Free Shipping
22,G.SKILL RIPJAWS KM780 RGB Mechanical Gaming Keyboard - Cherry MX Brown with Gaming Keycaps,$139.99 ,Free Shipping
23,Razer Blackwidow Chroma V2 – RGB Mechanical Gaming Keyboard – Green Switch,$169.99 ,Free Shipping
24,Logitech G410 Atlas Spectrum RGB Tenkeyless Gaming Keyboard,$74.95 (,Free Shipping
25,Devastator II  LED Gaming Keyboard and Mouse Combo Bundle with Green LED Edition by Cooler Master,$29.99 (,Free Shipping
26,Corsair Gaming K70 LUX RGB Mechanical Gaming Keyboard Cherry MX Brown (CH-9101012-NA),$129.99 ,Free Shipping
27,Corsair Gaming K70 LUX RGB Mechanical Gaming Keyboard Cherry MX RGB Red (CH-9101010-NA),$159.99 ,Free Shipping
28,Corsair Gaming STRAFE RGB Mechanical Gaming Keyboard - Cherry MX Red,$139.99 ,Free Shipping
29,Corsair Gaming K95 RGB PLATINUM Mechanical Keyboard  Backlit RGB LED  Cherry MX Speed  Black,$199.99 ,Free Shipping
30,Corsair Gaming STRAFE Mechanical Gaming Keyboard - Cherry MX Brown,$79.99 (,Free Shipping
31,Razer Ornata Chroma - RGB Mecha-Membrane Gaming Keyboard with Mid-Height Keycaps,$99.99 (,Free Shipping
32,Corsair Gaming STRAFE MX Silent Mechanical Keyboard  Backlit Red LED  Cherry MX Silent,$79.99 (,Free Shipping
33,Corsair Gaming K70 LUX Mechanical Keyboard Backlit Red LED Cherry MX Red (CH-9101020-NA),$99.99 (,Free Shipping
34,MasterKeys Pro S Mechanical Keyboard with Intelligent RGB  Cherry MX Brown Switches  Multiple Lighting Modes and 80% Layout,$129.99 ,Free Shipping
35,Logitech G610 Orion Brown  Mechanical Gaming Keyboard with White LED,$79.99 (,Free Shipping
36,Corsair Gaming STRAFE RGB Mechanical Gaming Keyboard - Cherry MX Brown,$139.99 ,Free Shipping
37,Rosewill Mechanical Gaming Keyboard with Cherry MX Brown Switches - Retail - RK-9300 BR,$79.99 ,Free Shipping
38,Corsair Gaming K70 LUX Mechanical Keyboard Backlit Red LED Cherry MX Red (CH-9101020-NA),$99.99 ,Free Shipping
39,G.SKILL RIPJAWS KM780 RGB Mechanical Gaming Keyboard - Cherry MX Red with Gaming Keycaps,$139.99 ,Free Shipping
40,Corsair Gaming K70 LUX Mechanical Keyboard Backlit BLUE LED Cherry MX Red (CH-9101030-NA),$119.99 ,Free Shipping
41,Corsair Gaming K70 RAPIDFIRE Mechanical Keyboard  Backlit Red LED  Cherry MX Speed,$119.99 ,Free Shipping
42,Rosewill Mechanical Keyboard with Cherry MX Brown Switches - RK-9000V2 BR,$89.99 (,Free Shipping
43,Corsair Gaming K95 RGB PLATINUM Mechanical Keyboard  Backlit RGB LED  Cherry MX Speed  Gunmetal,$170.99 ,Free Shipping
44,Corsair Gaming K95 RGB PLATINUM Mechanical Keyboard  Backlit RGB LED  Cherry MX Brown  Black,$169.99 ,Free Shipping
45,Corsair Gaming STRAFE Mechanical Gaming Keyboard - Cherry MX Blue,$99.99 (,Free Shipping
46,Razer BlackWidow X Chroma - RGB Mechanical Gaming Keyboard with Military Grade Metal Construction,$159.99 ,Free Shipping
47,Corsair Gaming K70 LUX Mechanical Keyboard Backlit Red LED Cherry MX Blue (CH-9101021-NA),$102.99 ,Free Shipping
48,Logitech G610 Orion Red  Mechanical Gaming Keyboard with White LED,$79.99 (,Free Shipping
49,RAZER Blackwidow Chroma RGB Gaming Mechanical Keyboard,$144.99 ,Free Shipping
50,Corsair Gaming K70 LUX Mechanical Keyboard Backlit Red LED Cherry MX Brown (CH-9101022-NA),$102.99 ,Free Shipping
51,Cooler Master MasterKeys Pro L RGB Mechanical Gaming Keyboard  Cherry MX Brown Switches  Per-Key RGB Lighting  Full Size,$139.99 ,Free Shipping
52,Corsair Gaming K63 Compact Mechanical Keyboard  Backlit Red LED  Cherry MX Red,$79.99 (,Free Shipping
53,Razer Ornata Expert - Revolutionary Mecha-Membrane Gaming Keyboard with Mid-Height Keycaps - Ergonomic Design,$79.07 (,Free Shipping
54,AZIO KB501 L70 Backlit Gaming Keyboard,$19.99 (,Free Shipping
55,Gamdias Mechanical Gaming Keyboard and Mouse Combo with Bonus Mouse Mat,$49.99 (,Free Shipping
56,Razer BlackWidow X Tournament Edition Chroma - RGB Mechanical Gaming Keyboard with Military Grade Metal Construction and Compact Layout,$129.99 ,Free Shipping
57,COUGAR 200K Gaming Keyboard with 7-Color Backlight,$61.56 (,Free Shipping
58,G.SKILL RIPJAWS KM780 MX Mechanical Gaming Keyboard - Cherry MX Red with Gaming Keycaps,$104.99 ,Free Shipping
59,Logitech G710 Mechanical USB Gaming Keyboard,$169.33 ,Free Shipping
60,Razer BlackWidow Ultimate Stealth 2016 - Mechanical Gaming Keyboard,$104.54 ,Free Shipping
61,Logitech G Pro Mechanical Gaming Keyboard,$129.99 ,Free Shipping
62,G.SKILL RIPJAWS KM780R MX Mechanical Gaming Keyboard - Cherry MX Brown,$74.99 (,Free Shipping
63,Rosewill Mechanical Gaming Keyboard with Cherry MX Blue Switches - Retail - RK-9300,$79.99 (,Free Shipping
64,Cooler Master MasterKeys Pro L RGB Mechanical Gaming Keyboard  Cherry MX Blue Switches  Per-Key RGB Lighting  Full Size,$142.21 ,Free Shipping
65,Rosewill Mechanical Gaming Keyboard  Cherry RGB Brown  Backlit RGB LED - RK-9000V2 RGB BR,$119.99 ,Free Shipping
66,MasterKeys Pro S Mechanical Keyboard with Intelligent RGB  Cherry MX Blue Switches  Multiple Lighting Modes and 80% Layout,$129.99 ,Free Shipping
67,Razer Overwatch Razer BlackWidow Chroma Mechanical Gaming Keyboard,$179.99 ,Free Shipping
68,Razer Blackwidow Ultimate 2016 Mechanical Gaming Keyboard,$109.99 ,Free Shipping
69,MasterKeys Pro S Mechanical Keyboard with Intelligent RGB  Cherry MX Red Switches  Multiple Lighting Modes and 80% Layout,$129.99 ,$4.99 Shipping
70,Logitech G213 Prodigy Gaming Keyboard with 16.8 Million Lighting Colors,$69.99 (,Free Shipping
71,GAMDIAS GKC110 Gaming Keyboard,$19.99 ,Free Shipping
72,Professional Gaming Keyboard 8 LED Backlit Modes with Phone Holder Mechanical Feeling 104 Keys Waterproof for PC Laptop,$56.99 ,Free Shipping
73,Logitech G413 Backlit Mechanical Gaming Keyboard with USB Pass-through,$89.99 (,Free Shipping
74,Rosewill Fusion C30 Gaming Keyboard & Mouse Combo with 3-Color LED Backlit,$49.99 ,$7.87 Shipping
75,Corsair Gaming K70 LUX Mechanical Keyboard Backlit Red LED Cherry MX Red (CH-9101020-NA),$99.99 ,Free Shipping
76,Rosewill Mechanical Gaming Keyboard  Cherry RGB Blue  Backlit RGB LED - RK-9000V2 RGB,$119.99 ,Free Shipping
77,MOTOSPEED 104 Gaming Esport Keyboard - USB Wired LED Colorful Backlight Illuminated PC,$18.99 (,Free Shipping
78,COUGAR ATTACK X3 Premium Gaming Mechanical Keyboard with Aluminum Brushed Structure and Cherry Brown Switches,$69.00 (,Free Shipping
79,MOTOSPEED 104 Professional Gaming Esport Keyboard Mechanical Type  USB Wired for PC,$23.39 ,Free Shipping
80,KG30 LED USB Gaming Keyboard with 7 Adjustable Colorful Backlights USB Wired LED Illuminated Rainbow Backlight Gaming Keyboard for PC,$26.99 ,Free Shipping
81,AZIO MGK1 Backlit Mechanical Gaming Keyboard,$59.00 (,Free Shipping
82,Logitech - G910 ORION SPECTRUM RGB MECHANICAL GAMING KEYBOARD
Model:  920-008012,$149.98 ,Free Shipping
83,GAMDIAS HERMES P1 RGB Mechanical Gaming Keyboard with Blue Switches / Attachable Palm Rest,$99.99 ,Free Shipping
84,Cougar Deathfire EX Gaming Hybrid Mechanical Keyboard and Mice Combo,$49.99 ,Free Shipping
85,Cooler Master MasterKeys Pro L RGB Mechanical Gaming Keyboard  Cherry MX Red Switches  Per-Key RGB Lighting  Full Size,$139.99 ,Free Shipping
86,MOTOSPEED 104 Gaming Esport Keyboard - USB Wired LED Colorful Backlight Illuminated - for PC Laptop Notebook Desktop,$18.99 ,Free Shipping
87,Cooler Master Masterkeys PRO M Mechanical RGB Gaming Keyoard with Cherry MX Brown Key Switch,$139.99 ,$7.56 Shipping
88,G.SKILL RIPJAWS KM780R RGB Mechanical Gaming Keyboard - Cherry MX Blue,$134.99 ,Free Shipping
89,Redragon Karura K502 USB Gaming Keyboard 7 Switchable Backlight Colors  104 Keys,$27.95 ,Free Shipping
90,Professional Gaming Keyboard 8 LED Backlit Modes with Phone Holder Mechanical Feeling 104 Keys Waterproof for PC Laptop,$56.99 ,Free Shipping
91,Rosewill Mechanical Keyboard with Cherry MX Blue Switches - RK-9000V2,$89.99 (,Free Shipping
92,Corsair Gaming K95 Mechanical Gaming Keyboard - White LED - Cherry MX Red Switches,$199.89 ,$13.13 Shipping
93,Corsair Gaming K68 Mechanical Keyboard  Backlit Red LED  Cherry MX Red,$99.99 ,Free Shipping
94,AZIO MGK1-K Gaming Keyboard,$78.56 (,Free Shipping
95,Zalman ZM-K200M USB Keyboard,$15.96 (,Free Shipping
96,New Style New Led Keyboard Colorful Backlight Gaming Keyboard USB Wired,$17.49 (,Free Shipping
97,Corsair Gaming LAPDOG Gaming Control Center,$79.99 ,Free Shipping
98,Razer BlackWidow X Ultimate - Backlit Mechanical Gaming Keyboard with Military Grade Metal Construction,$103.18 ,Free Shipping
99,Corsair Gaming K70 LUX RGB Mechanical Gaming Keyboard Cherry MX RGB Blue (CH-9101011-NA),$219.95 ,Free Shipping
100,Corsair CH-9000223-NA K40 Gaming Keyboard,$69.99 (,Free Shipping
101,Orange KBCQ23RBK  Standard USB Spill Resistant Gaming Keyboard,$14.99 ,$0.99 Shipping
102,Razer DeathStalker Essential Gaming Keyboard,$45.00 (,Free Shipping
103,G.SKILL RIPJAWS KM780R RGB Mechanical Gaming Keyboard - Cherry MX Brown,$104.99 ,Free Shipping
104,RAZER Blackwidow Tournament Edition Gaming Mechanical Keyboard,$84.99 (,Free Shipping
105,Tt eSPORTS Commander LED Gaming Keyboard and Mouse Combo Bundle (Blue LED Model),$32.96 (,Free Shipping
106,G.SKILL RIPJAWS KM570 RGB Mechanical Gaming Keyboard - Cherry MX RGB Blue,$109.99 ,Free Shipping
107,HyperX Alloy FPS Mechanical Gaming Keyboard with Cherry MX Red Switch and Red LED Backlit,$99.99 ,Free Shipping
108,CORN Wired Multimedia Mechanical Feeling Gaming Keyboard and Mouse Combo Multi-color LED Full Key Backlit 19 Keys Anti-Ghosting Water Proof Design Suspension Keys,$28.99 ,Free Shipping
109,CORN Black & White Multimedia Gaming Keyboard & Mouse With USB RF 2.4GHz Wireless HTPC  Anti-Ghosting Feature  Water-Proof Design  Mute Effect and Mechanical Feel Design  Fully Compatible,$36.99 ,Free Shipping
110,Steelseries Apex M500 Mechanical Gaming Keyboard with Cherry MX Red Switches and Blue LED,$90.70 (,Free Shipping
111,AULA J-SGZ Mechanical Keyboard 104keys Multicolors RGB Backlit Gaming Keyboard of Metal Panel USB Wired Game Keyboard (Sliver),$69.99 ,Free Shipping
112,Corsair Gaming K70 LUX Mechanical Keyboard Backlit Red LED Cherry MX Red (CH-9101020-NA),$99.99 ,Free Shipping
113,Tt eSPORTS Commander Gaming Gear Combo (Red Light) - USB Cable Keyboard - Black - USB Cable Mouse - Optical - 2400 dpi - 6 Button - Scroll Wheel - QWERTY - Black - Symmetrical - Compatible w/ Computer,$31.40 (,$2.99 Shipping
114,Motospeed K70L USB Wired Seven Color Backlit Gaming Keyboard - Black,$25.99 ,Free Shipping
115,Nixeus MK-104BL16 MODA PRO Mechanical Keyboard - Blue Switch (Clicky Tactile),$69.99 (,Free Shipping
116,MasterKeys Pro L Mechanical Keyboard with Intelligent White LED  Cherry MX Red Switches  Multiple Lighting Modes and 100% Layout,$99.99 (,Free Shipping
117,CM Storm Devastator - LED Gaming Keyboard and Mouse Combo Bundle (Blue Edition),$53.99 (,Free Shipping
118,AULA J-SGZ Mechanical Keyboard 104keys Multicolors RGB Backlit Gaming Keyboard of Metal Panel USB Wired Game Keyboard (Black),$69.99 ,Free Shipping
119,GIGABYTE FORCE K85 Red Mechnical RGB Gaming Keyboard (GK-FORCE K85),$77.80 ,Free Shipping
120,HyperX Alloy FPS Mechanical Gaming Keyboard with Cherry MX Blue Switch and Red LED Backlit,$99.99 (,Free Shipping
121,G.SKILL RIPJAWS KM780R MX Mechanical Gaming Keyboard - Cherry MX Red,$110.04 ,Free Shipping
122,ASUS Cerberus Dual LED Color Backlit Gaming Keyboard,$49.83 (,Free Shipping
123,Cougar Keyboard VANTAR Gaming Keyboard Scissor 8 Color Lighting Retail,$34.99 ,Free Shipping
124,Cooler Master Masterkeys PRO M Mechanical RGB Gaming Keyoard with Cherry MX Red Key Switch,$139.99 ,$7.56 Shipping
125,G.SKILL KM570 Cherry MX RGB Speed Silver Mechanical Gaming Keyboard,$119.00 ,Free Shipping
126,Nixeus MK-104BN16 MODA PRO Mechanical Keyboard - Brown Switch (Soft Tactile),$69.99 (,Free Shipping
127,Coolsnake XK18 Green axis Colorful Marquee Wired Waterproof Gaming Keyboard  Mechanical-Similar Typing/Gaming Experience 104-key Gaming Keyboard,$174.41 ,Free Shipping
128,Professional Gaming Keyboard 8 LED Backlit Modes with Phone Holder Mechanical Feeling 104 Keys Waterproof for PC Laptop,$56.99 ,Free Shipping
129,Viotek Twilight Illuminated Gaming Keyboard with 7-Button 2400 Adjustable DPI Mouse Combo (Wired USB Interface) - VTK TWILIGHT,$39.99 (,Free Shipping
130,Aula 2010S Wired Mechanical Gaming Keyboard With RGB LED,$49.99 ,Free Shipping
131,Tesoro Gram Spectrum Low Profile G11SFL Red Mechanical Switch Single Individual Per Key Full Color RGB LED Backlit Illuminated Mechanical White Gaming Keyboard TS-G11SFL W (RD),$139.99 ,Free Shipping
132,Logitech G710 Plus Mechanical USB Gaming Keyboard,$99.77 ,Free Shipping
133,G.SKILL KM570 Cherry MX Speed Silver Mechanical Gaming Keyboard,$99.00 ,Free Shipping
134,Razer Black Widow Ultimate 2014 Elite Mechanical Gaming Keyboard,$84.99 (,Free Shipping
135,Roccat Sova Mechanical Gaming Lapboard,$177.33 ,Free Shipping
136,Cliptec 3 LED Rainbow Backlight Multimedia USB Wired Gaming Keyboard + 2400 Adjustable DPI LED Wired Gaming Mouse + Extended Mice Mat Bundle Set (Keyboard+MiceC+Speed Mat 800mmx290mmx4mm),$34.99 ,Free Shipping
137,Logitech G510 Keyboard,$299.99 ,Free Shipping
138,Logitech G510s Illuminated USB Gaming Keyboard,$198.85 ,Free Shipping
139,Tesoro TS-G7SFL-BL Excalibur Spectrum Switch Single Key Full Color RGB Backlit Illuminated Mechanical Gaming Keyboard - Blue,$89.99 ,Free Shipping
140,Corsair CH-9000043-NA Raptor K30 Red LED Backlit Keyboard,$59.99 ,Free Shipping
141,Logitech G710 Plus Mechanical USB Gaming Keyboard,$99.77 (,Free Shipping
142,AULA J-SGZ Mechanical Keyboard 104keys Multicolors RGB Backlit Gaming Keyboard of Metal Panel USB Wired Game Keyboard (Gold),$69.99 ,Free Shipping
143,CORN Black & Blue Multimedia Gaming Keyboard & Mouse With USB RF 2.4GHz Wireless HTPC  Anti-Ghosting Feature  Water-Proof Design  Mute Effect and Mechanical Feel Design  Fully Compatible,$32.99 ,Free Shipping
144,G.SKILL RIPJAWS KM570 RGB Mechanical Gaming Keyboard - Cherry MX RGB Red,$109.99 ,Free Shipping
145,HyperX Alloy FPS Mechanical Gaming Keyboard with Cherry MX Brown Switch and Red LED Backlit,$99.99 ,Free Shipping
146,Perixx PX-1000 US  Backlit Gaming Keyboard - USB - Red/Blue/Purple Illuminated Keys - Full Size Layout - Windows & Desktop Lock Keys - 40s/60s/80s Fast Input Selection - Piano Black -US Layout,$24.99 (,Free Shipping
147,Noppoo Choc Mini 84s USB NKRO Mechanical Gaming Keyboard (Gateron Brown - 45g Tactile) - [Black POM version],$59.99 ,Free Shipping
148,GAMDIAS GKC6011 ARES 7 Color Combo Gaming Keyboard & Mouse,$49.99 ,Free Shipping
149,Corsair Gaming K70 LUX Mechanical Keyboard Backlit Red LED Cherry MX Red (CH-9101020-NA),$99.99 ,Free Shipping
150,K-RAY  K6 Mechanical Feel Gaming Keyboard  104 Keys USB Wired,$28.99 ,$5.99 Shipping
151,CORN Black and Red High-End Keyboard & Mouse with Top Professional Gaming Chips  2.4GHz Wireless Technology  Mute and Thin Design  Multimedia  and Cool Glare Mode,$44.99 ,Free Shipping
152,Motospeed  RGB USB Wired Pro Gaming Keyboard 104 Buttons with 7 Colors LED Backlit Gaming Esport Keyboard for Gamer PC Notebook LOL Peripherals,$59.99 ,Free Shipping
153,G-Cube Illuminated Mechanical G3 Gaming Keyboard - MX Cherry Brown Switch / Built-in USB Hub + Audio / Two-Color Adjustable Illumination - GKM-7BR Black,$69.99 ,Free Shipping
154,CORN 2.4GHz Wireless Gaming Keyboard & Mouse With Unique Ergonomic Design Suspension Buttons Energy Saving Technology,$24.99 ,Free Shipping
155,SteelSeries Apex 350 Gaming Keyboard,$89.99 (,Free Shipping
156,CM Storm Devastator - LED Gaming Keyboard & Mouse Combo (Green LED Model),$95.89 (,Free Shipping
157,ROCCAT Suora FX - RGB Illuminated Frameless Mechanical Gaming Keyboard - Blue Switch,$134.99 ,Free Shipping
158,AORUS Thunder K7 Cherry Red Mechanical Keyboard with Detachable Macro Pads Blue Back-lit,$125.80 ,Free Shipping
159,Mad Catz S.T.R.I.K.E.7 Gaming Keyboard for PC,$399.48 ,Free Shipping
160,Logitech G710+ Mechanical Gaming Keyboard with Tactile High-Speed Keys USB Black Wired,$99.77 ,Free Shipping
161,RAZER DeathStalker Chroma Membrane Gaming Keyboard,$139.99 ,Free Shipping
162,Logitech G13 Programmable Gameboard with LCD Display USB Gaming Black Wired,$95.20 ,Free Shipping
163,HOT Cooler Master CM Storm QuickFire Rapid Mechanical Gaming Keyboard,$134.96 ,Free Shipping
164,Funtech T9 Professional Gaming Keyboard LED Backlight Double Space Key Bar CF / CS USB Wired Mini Portable Game Key Board,$27.88 ,Free Shipping
165,Rgb K70 Rapidfire Kybd Cherry - CH-9101014-NA,$260.99 ,$5.99 Shipping
166,iGame Aula LED Backlit Wired Mechanical Gaming Keyboard with  Blue Switches (Black),$55.99 ,Free Shipping
167,Ionlyyou® RAJFOO Mechanical Feel 7 Colorful Backlit USB Wired Gaming Keyboard For Laptop Windows 7/Vista Backlit Mechanical Gaming Keyboard,$33.88 ,Free Shipping
168,Delog GM1 White Rainbow Backlit Multimedia Gaming Keyboard + 2400DPI Usb Gaming Mouse Set,$56.99 ,Free Shipping
169,CORN White and Gold High-End Keyboard & Mouse with Top Professional Gaming Chips  2.4GHZ Wireless Technology  Multimedia  and Cool Glare Mode,$39.99 ,Free Shipping
170,GANSS Mechanical Gaming Keyboard Ganss G.S 87 [Cherry MX BROWN Switch],,Free Shipping
171,Keyboard CK108 Full Key Unlimited Gaming Mechanical Keyboard with Wired USB Port 18 RGB Backlight Mode for Desktop,$89.99 ,Free Shipping
172,SteelSeries Zboard Limited Edition Keyset (StarCraft II),$9.37 
,Free Shipping
173,Logitech G103 Illuminated USB Gaming Keyboard,$54.59 ,Free Shipping
174,Tesoro TS-G7SFL Excalibur Spectrum Switch Single Key Full Color RGB Backlit Illuminated Mechanical Gaming Keyboard - Brown,$89.99 ,Free Shipping
175,TARTARUS CHROMA RGB KEYPAD,$85.37 (,Free Shipping
176,T9 Plus Colorful Illuminated LED Backlight USB Wired Mechanical Professional Gaming Keyboard,$77.99 ,Free Shipping
177,Razer Nostromo PC Gaming Keypad,$393.88 ,Free Shipping
178,Logitech g100s USB Wired Gaming Keyboard and 250-2500dpi Optical Gaming Game Mouse Combo set Black,$49.08 (,Free Shipping
179,Qisan Cyborg Soldier 3 COLOR Backlit USB Wired Gaming Keyboard,$34.79 (,Free Shipping
180,SteelSeries Apex M800 Mechanical Gaming Keyboard,$174.99 ,Free Shipping
181,SteelSeries Zboard Limited Edition StarCraft II gaming keyboard,$55.99 (,Free Shipping
182,Logitech G710 Plus Mechanical USB Gaming Keyboard,$129.77 ,Free Shipping
183,Tesoro TS-G5SFL BW Lobera Spectrum Brown Switch Single Key Full Color RGB Backlit Illuminated Mechanical Gaming Keyboard,$109.99 ,Free Shipping
184,COUGAR KBC600-2IS 600K Gaming Mechanical Keyboard with Cherry MX Black Switch,$89.99 (,$1.99 Shipping
185,LED 3 Color Backlit Illuminated USB Wired PRO Gaming Keyboard For Laptop Desktop,$21.99 (,$2.99 Shipping
186,Corsair Gaming K70 LUX Mechanical Keyboard Backlit Red LED Cherry MX Red (CH-9101020-NA),$99.99 ,Free Shipping
187,Tesoro Gram Spectrum Low Profile G11SFL Red Mechanical Switch Single Individual Per Key Full Color RGB LED Backlit Illuminated Mechanical Black Gaming Keyboard TS-G11SFL B (RD),$139.99 ,Free Shipping
188,Logitech G510s Gaming Keyboard with Game Panel LCD Screen,$199.99 ,Free Shipping
189,3 Color LED Illuminated Gaming Keyboard with Users Customize Keys,$31.99 ,Free Shipping
190,SteelSeries 64450 SteelSeries Apex 300 Keyboard Gaming Keyboard,$63.13 (,Free Shipping
191,2014 Hot Sale RAJFOO Nighthawk Backlit Multimedia Ergonomic Usb Gaming Keyboard with Blue/ Purple/ Red Changeable Lights for RAZER WOW FPS LOL CS CF DOTA,$39.89 (,Free Shipping
192,Professional Gaming Keyboard USB Wired Keyboard Mechanical Keyboards for Computer Gamer Backlight Keyboard HK-M200,$32.99 (,Free Shipping
193,Funtech The wielder of magic refining / MK7 mechanical keyboard USB wired keyboard 108 key mechanical keyboard light Gift,$69.99 ,Free Shipping
194,Red LED Backlight Backlit Multimedia USB Wired Illuminated Gaming Keyboard,$43.67 (,Free Shipping
195,Tekit NTRC100120W LED Backlight Gaming Keyboard & 7-Color Lights Changed Mouse Combo Bundle - Blue/Red,$39.97 ,$10.61 Shipping
196,RAZER Blackwidow Ultimate Gaming Elite Mechanical Keyboard,$123.70 ,Free Shipping
197,Fnatic Gear Rush Mechanical Gaming Keyboard – Cherry Blue Switches,$79.99 (,Free Shipping
198,Azio Levetron L70 LED Backlit Gaming Keyboard (KB501),$36.99 ,Free Shipping
199,SteelSeries 64225 6Gv2 Keyboard,$107.39 ,Free Shipping
200,Roccat Sova Membrane Gaming Lapboard,$149.99 ,Free Shipping
201,AZIO MGK L80 Mechanical Gaming Keyboard (Blue K-Switch/ Blue Backlight),$69.99 (,Free Shipping
202,IOGEAR GKMHKIT1E Kaliber Gaming Imperial White Edition Gamer Pack,$100.99 ,$10.60 Shipping
203,CORN Eagle White Gaming Aluminum Mechanical Gaming Keyboard RGB Backlit LED with Detachable Wrist Rest  Blue Switch,$99.99 ,Free Shipping
204,ROCCAT SKELTR Smart Communication RGB Gaming Keyboard - White,$143.99 ,Free Shipping
205,Topre Realforce AEAX01 RGB Premium Mechanical Keyboard,$234.94 ,Free Shipping
206,Redragon Karura K502 USB Gaming Keyboard  7 Switchable Backlight Colors  104+ Keys,$26.89 (,Free Shipping
207,RAZER Blackwidow Tournament Edition Gaming Mechanical Keyboard,$121.99 ,Free Shipping
208,2016 X-Lighting XS550+ Rainbow Backlit Multimedia Ergonomic Usb Gaming Keyboard +Ajazz 2400DPI The Dark Knight Rainbow LED 6 Buttons Usb Gaming Mouse +WOW The Lich King Gaming Mouse Pad SET,$43.99 ,Free Shipping
209,Apex 350 Gaming Keyboard - 64470,$69.99 (,Free Shipping
210,Cliptec 3 LED Rainbow Color Illuminated Backlight Multimedia USB Wired Gaming Keyboard + 2400 Adjustable DPI LED Wired Gaming Mouse Mice Bundle Set (Keyboard + 502),$29.99 ,Free Shipping
211,Redragon S101 VAJRA USB Gaming Keyboard  CENTROPHORUS USB Gaming Mouse  Keyboard Set,$36.79 (,Free Shipping
212,Qisan 68 Keys Mini Mechanical Keyboard Gaming Keyboard  Black Switch Design for Gaming White Golden,$57.00 ,Free Shipping
213,Logitech 920-000969 G19 Keyboard with Color Display,$299.99 ,Free Shipping
214,I-ROCKS KR-6820E-BK Black 104 Key USB Wired illuminated Backlit Gaming Keyboard (Orange LED),$30.33 (,Free Shipping
215,Razer Turret Living Room Gaming Mouse and Lapboard,$199.99 ,Free Shipping
216,Noppoo Choc Mini 84s USB NKRO Mechanical Gaming Keyboard (Gateron Blue - 55g Clicky) - [White PBT version],$59.99 ,Free Shipping
217,MasterKeys Pro M Mechanical Keyboard with Intelligent White LED  Cherry MX Brown Switches  Multiple Lighting Modes and 90% Layout,$99.54 (,Free Shipping
218,Anti-ghosting K26 Wired Mechanical Keyboard  Backlit Different RGB LED,$41.99 ,Free Shipping
219,Cliptec 3 LED Rainbow Color Illuminated Backlight Multimedia USB Wired Gaming Keyboard + 2400 Adjustable DPI LED Wired Gaming Mouse Mice Bundle Set (Keyboard + 501),$29.99 ,Free Shipping
220,i-rocks IK6 Crystal Transparent Borderless Casing Mechanical-like Switches Anti Ghosting Gaming Keyboard,$38.99 ,Free Shipping
221,Perixx PX-1100  Backlit Keyboard - Red/Blue/Purple Illuminated Keys - Gaming Style Design - Rubber Painting Surface - 20 Million Key-press Lifecycle - Adjustable Palm rest,$49.99 (,Free Shipping
222,ROCCAT Suora Frameless Mechanical Gaming Keyboard,$86.71 (,Free Shipping
223,Corsair Gaming K70 LUX Mechanical Keyboard Backlit Red LED Cherry MX Red (CH-9101020-NA),$99.99 ,Free Shipping
224,Steelseries Apex M500 Mechanical Gaming Keyboard with Cherry MX Red Switches and Blue LED,$128.75 ,Free Shipping
225,Logitech 920-004985 G19s Keyboard,$267.00 ,$13.39 Shipping
226,Character-illuminated Blue/Red/Purple Color LED Backlight Gaming Game Keyboard Black USB Wired Gaming Keyboard with Macro Keys,$33.99 ,Free Shipping
227,Qisan Gaming Keyboard Mechanical Wired Keyboard Black Switch Customizable Key Backlight keyboard 82-Keys Extreme Simple Design(Flames Version),$59.78 ,Free Shipping
228,GANSS Gaming Mechanical Keyboard  Backlit RGB LED  Ganss G.S 87 PRO [Cherry MX-Blue Switch],$129.00 ,Free Shipping
229,Logitech G510s Gaming Keyboard with Game Panel LCD Screen USB Black Wired,$199.99 ,Free Shipping
230,USB Wired Ergonomic Professional Gaming Keyboard w/ Blue LED Backlight for Desktop PC  Computer  Laptop  Notebook - 104 Keys,$27.99 (,Free Shipping
231,UThink Rainbow Backlight V100 Ergonomic Gaming Keyboard + 6 Buttons Gaming Mouse,$37.99 ,Free Shipping
232,Corsair Gaming K70 Mechanical Gaming Keyboard - Cherry MX Brown,$299.95 ,$11.89 Shipping
233,Logitech G510s Gaming Keyboard with Game Panel LCD Screen 920-004967,$199.99 ,Free Shipping
234,GANSS Gaming Mechanical Keyboard  Backlit RGB LED  Ganss G.S 87 PRO [Cherry MX—Brown Switch],,Free Shipping
235,AZIO MGK1-RGB-BLU MGK1 RGB Gaming Keyboard,$133.99 ,Free Shipping
236,AULA Master Single Hand Professional Mechanical Gaming Keyboard with Blue Switches RGB,$89.99 ,Free Shipping
237,K-RAY K816 Wired Gaming Keyboard with104 Keys  Comfortable Ergonomic Design,$24.99 ,$5.99 Shipping
238,Noppoo Choc Mini 84 USB NKRO Mechanical Gaming Keyboard (Cherry MX-Red Switches),$89.99 ,Free Shipping
239,Wired Mechanical Gaming Keyboard Steam Punk Design High Quality Gamer Keyboard,$94.99 ,Free Shipping
240,SteelSeries Shift Gaming Keyboard Medal of Honor Special Edition,$75.38 ,Free Shipping
241,AULA Unicorn Backlit Mechanical Keyboard with Multi-color LED Illuminated Gaming Computer Keyboard,$49.99 ,Free Shipping
242,AZIO MGK-Armato-01 MGK Armato Gaming Keyboard Gaming Keyboard,$117.99 ,$8.50 Shipping
243,Dell Alienware TactX Gaming Keyboard,$74.89 (,Free Shipping
244,Razer BlackWidow Chroma Clicky Mechanical Keyboard Free DHL Express US Layout,$149.98 ,Free Shipping
245,LANGTU K002 Mechanical Keyboard Waterproof Colorful  breathing lights 104keys Multicolors RGB Backlight Gaming Keyboard of Metal Panel USB Wired Switchable Backlight Colors,$41.90 ,Free Shipping
246,Tesoro Gram Spectrum Low Profile G11SFL Blue Mechanical Switch Single Individual Per Key Full Color RGB LED Backlit Illuminated Mechanical White Gaming Keyboard TS-G11SFL W (BL),$139.99 ,Free Shipping
247,ROCCAT Ryos MK Glow USB Mechanical Gaming Keyboard,$84.99 (,Free Shipping
248,ROCCAT Ryos MK Pro USB Mechanical Gaming Keyboard,$136.79 ,Free Shipping
249,Razer Blackwidow Ultimate 2016 Mechanical Gaming Keyboard (Red Switch),$112.88 ,Free Shipping
250,Foxnovo Professional Gaming Keyboard Mechanical Keyboard Wired USB Keyboard (Black+Red),$45.99 ,Free Shipping
251,A4Tech Anti-Ghosting 8-Key Rollover USB PC Gaming Keyboard with Wide Palm Rest - G800V Black,$46.59 (,Free Shipping
252,SteelSeries Shift MMO Keyset Black 68095,$15.25 ,Free Shipping
253,Aluratek AKB505U LED Backlght Keyboard,$35.91 (,Free Shipping
254,Ajazz Crystal Soldier AK6 Multimedia Usb Gaming Keyboard with 7 Colors Backlit,$39.99 (,Free Shipping
255,NEW Red Light USB Wired LED Illuminated Backlit Pro Gaming Keyboard Mouse set,$46.39 ,Free Shipping
256,Logitech G213 Prodigy Gaming Keyboard With 16.8 Million Lighting Colors Black USB,$79.77 (,Free Shipping
257,Glorious Modular Mechanical Gaming Keyboard w/ RGB LED and Brown Switches,$109.99 ,$7.99 Shipping
258,ROCCAT ROC-12-851-BE Ryos MK Pro Mechanical Keyboard with Per-key Illumination - Blue Cherry MX Key Switch,$140.45 ,Free Shipping
259,2016 Delog V90 Multimedia Ergonomic Usb Gaming Keyboard +2.4GHz 1000/1600DPI 6 Buttons Usb Wireless Gaming Mouse Set,$28.99 (,Free Shipping
260,Corsair Gaming K70 LUX Mechanical Keyboard Backlit Red LED Cherry MX Red (CH-9101020-NA),$99.99 ,Free Shipping
261,Logitech G610 Orion Brown Backlit Mechanical Gaming Keyboard 920-007857 USB 2.0 Gaming Black Wired,$112.77 ,Free Shipping
262,REDRAGON 132 Keys RGB LED Backlight USB Wired Mechanical Gaming Keyboard Suspended Button Adjustable Input Speed Self-defined Macro Recording Function,$159.99 ,Free Shipping
263,UThink Rainbow Backlight V100 Ergonomic Gaming Keyboard + 6 Buttons Gaming Mouse,$37.99 ,Free Shipping
264,ROCCAT SKELTR Smart Communication RGB Gaming Keyboard - Black,$143.99 ,Free Shipping
265,2014 NEW Arrival RAJFOO Nighthawk Backlit Multimedia Ergonomic Usb Gaming Keyboard with Three Leds Blue/ Purple/ Red Changeable Lights for RAZER WOW FPS LOL CS CF DOTA,$39.89 (,Free Shipping
266,Victsing Upgraded LED Backlit Wired Gaming Keyboard Mechanical-Similar Typing Experience,$72.67 ,Free Shipping
267,CORN 2.4GHz Wireless Mechanical Gaming Keyboard & Mouse With Unique Ergonomic Design  Suspension Buttons  19 Keys Anti-Ghosting Feature  and Long Standby Technology - Black,$42.99 ,Free Shipping
268,CORN 2.4GHz Wireless Mechanical Gaming Keyboard & Mouse With Unique Ergonomic Design  Suspension Buttons  19 Keys Anti-Ghosting Feature  and Long Standby Technology - Blue,$41.99 ,Free Shipping
269,Motospeed CK888 104 KEYS Gaming Keyboard USB Wired RGB Backlight Mechanical Gaming Keyboard Mouse Combo For Computer Laptop Games,$78.99 ,Free Shipping
270,Qisan Gaming Keyboard Mechanical Backlit Wired Keyboard US Layout Black Switch 68-Keys Mini Design(white silver color),$82.99 (,Free Shipping
271,ROCCAT Isku FX USB Multicolor Gaming Keyboard,$68.97 (,Free Shipping
272,US STOCK Qisan Gaming Keyboard Mechanical Wired Keyboard Blue Switch Customizable Key Backlight keyboard 82-Keys Extreme Simple Design(Flames Version),$59.78 ,Free Shipping
273,CM Storm Devastator - LED Gaming Keyboard & Mouse Combo (Red LED Model),$97.89 (,Free Shipping
274,i-rocks IK6 Crystal Transparent Borderless Casing Mechanical-like Switches Anti Ghosting Gaming Keyboard,$48.99 ,Free Shipping
275,Tt eSPORTS CHALLENGER Prime RGB Gaming Keyboard and Mouse Combo,$59.99 (,Free Shipping
276,Zalman ZM-K900M Gaming Keyboard,$79.99 (,Free Shipping
277,COUGAR KBC600-3IS 600K Gaming Mechanical Keyboard with Cherry MX Blue Switch,$89.99 (,$1.99 Shipping
278,MasterKeys Pro M Mechanical Keyboard with Intelligent White LED  Cherry MX Blue Switches  Multiple Lighting Modes and 90% Layout,$99.54 (,Free Shipping
279,Logitech G15 Gaming Keyboard (Black),$298.89 ,Free Shipping
280,Rapoo V500 RGB 87 Keys Wired Gaming Mechanical Keyboard Blue Switch for PC/Laptop - White,$64.99 ,Free Shipping
281,Razer Blackwidow Ultimate Stealth 2014 Elite Mechanical Gaming Keyboard Black,$109.99 ,Free Shipping
282,GIGABYTE Force K3 Gaming Keyboard,$29.69 ,$2.99 Shipping
283,IOGEAR GKB710L Kaliber Gaming MECHLITE Mechanical Keyboard,$55.55 (,Free Shipping
284,Logitech G510s Gaming Keyboard,$299.99 ,Free Shipping
285,TekNmotion TM-NIBCK1 Nibiru CK1 Gaming Keyboard,$33.88 ,$2.99 Shipping
286,CORN G20 Rainbow LED Backlit Mechanical Feeling Gaming Keyboard 104Keys,$37.99 ,Free Shipping
287,Delux T9 47 Keys One-hand Wired USB Gaming Keyboard with 2 Adjustable Brightness Modes - Black,$30.79 ,Free Shipping
288,RAZER DeathStalker USB Gaming Keyboard,$79.99 (,Free Shipping
289,SUNT AK93 Green Backlit Waterproof Ergonomic Multimedia Gaming Keyboard + 6D 6 Buttons Optical USB Molten Gaming Mouse + Gaming Mouse Pad Set,$44.99 ,Free Shipping
290,Corsair Gaming K30 Gaming Keyboard,$75.60 (,Free Shipping
291,K-RAY K816 Wired Gaming Keyboard with104 Keys  Comfortable Ergonomic Design,$24.99 ,$5.99 Shipping
292,Logitech G510s Illuminated USB Gaming Keyboard UK Layout,$142.99 ,Free Shipping
293,Logitech G510s Gaming Keyboard with Game Panel LCD Screen USB Black Wired,$199.99 ,Free Shipping
294,NEW Logitech G610 Orion Red Backlit Mechanical Gaming Keyboard,$124.99 ,Free Shipping
295,SADES 104 Key USB Wired Ergonomic Backlight Mechanical Gaming Keyboard With Metal Panel For Pro Gamers,$84.99 ,Free Shipping
296,CORN 2.4GHz Wireless Mechanical Gaming Keyboard & Mouse With Unique Ergonomic Design  Suspension Buttons  19 Keys Anti-Ghosting Feature  and Long Standby Technology - Red,$41.99 ,Free Shipping
297,Corsair Gaming K70 LUX Mechanical Keyboard Backlit Red LED Cherry MX Red (CH-9101020-NA),$99.99 ,Free Shipping
298,SADES Blademail PC Gaming Keyboards 19 non-conflict keys Metal Material,$68.99 ,Free Shipping
299,High Quality  Waterproof 2.4G Wireless Gaming Keyboard with Mouse DPI Control For DESKTOP PC Laptop Wireless Keyboard Mouse Combos,$24.56 ,Free Shipping
300,Tt eSPORTS Poseidon ZX Illuminated Mechanical Gaming Keyboard - Blue Switches,$67.62 (,Free Shipping
301,Logitech G410 Atlas Spectrum RGB Tenkeyless Mechanical Gaming Keyboard USB Black Wired,$115.77 ,Free Shipping
302,ENHANCE GX-K3 Gaming Keyboard with 104 Mechanical Feel Hybrid Keys  Multimedia Hotkeys and 3 LED Backlit Colors,$29.99 ,Free Shipping
303,HOT Cooler Master CM Storm QuickFire Rapid Mechanical Gaming Keyboard,$237.09 ,Free Shipping
304,Logitech G510s Gaming Keyboard with Game Panel LCD Screen,$199.09 ,Free Shipping
305,EpicGear Defiant Mechanical Gaming Keyboard – EG MMS Purple Switch,$82.58 ,Free Shipping
306,Mad Warrior GX50 3 Colors Ergonomic Backlit Usb Gaming Keyboard Blue/Red/Purple,$28.73 ,Free Shipping
307,FOREV Silent Waterproof USB Wired Game Gaming Keyboard pc laptop,$18.86 ,Free Shipping
308,RAZER DeathStalker Ultimate Smart Gaming Keyboard,$269.99 ,Free Shipping
309,CM Storm Devastator - LED Gaming Keyboard & Mouse Combo (Blue LED Model),$67.89 (,Free Shipping
310,Tesoro Gram Spectrum Low Profile G11SFL Blue Mechanical Switch Single Individual Per Key Full Color RGB LED Backlit Illuminated Mechanical Black Gaming Keyboard TS-G11SFL B (BL),$139.99 ,Free Shipping
311,Dare-u LK160 Multi-Color LED Backlit with Multi-Lighting Mode Control USB Wired Wrist Rest included Gaming Keyboard,$34.55 ,Free Shipping
312,Delog GM1 3 Color Backlight Ergonomic Gaming Keyboard & 2400DPI Gaming Mouse Set,$29.99 (,Free Shipping
313,Tt eSPORTS KB-PZR-KBBUS-01 Tt eSPORTS POSEIDON Z RGB Gaming Keyboard - Cable Connectivity - Retail - USB Interface - 104 Key - Multimedia Hot Key(s) - QWERTY Keys Layout - Mechanical - Black,$121.17 ,Free Shipping
314,MOTOSPEED Inflictor CK104 NKRO RGB Backlit Mechanical Gaming Keyboard Outemu Blue Switch,$57.00 ,Free Shipping
315,RAZER  Black USB Wired Lycosa Mirror Special Edition Gaming Keyboard,$199.99 ,Free Shipping
316,Logitech G105 6 Programmable G-Keys USB Wired Illuminated 114 Keys USB Gaming Keyboard with Backlighting,$58.99 (,Free Shipping
317,RAZER RZ03-00260100-R3U1 Arctosa Keyboard,$129.99 ,Free Shipping
318,TOMTOP FOREV USB Wired Professional Gaming Imitation Mechanical Keyboard 19 Key Anti Ghosting with Backlit for PC Laptop Desktop,$42.83 ,Free Shipping
319,Razer Nostromo PC Gaming Keypad,$404.99 ,Free Shipping
320,Razer BlackWidow Ultimate 2014 Elite Mechanical Gaming Keyboard RZ03-00384600-R3U1,$89.99 (,Free Shipping
321,Qisan Gaming Keyboard Mechanical Wired Keyboard Backlight Keyboard Blue Switch 82-keys USB Port Quick Strike Design,$58.39 ,Free Shipping
322,New Logitech G19 Programmable Gaming Keyboard with Color Display,$376.09 ,Free Shipping
323,Logitech G213&G102 Prodigy Gaming Keyboard&Mouse Combo Both 16.8M Color RGB Best logitech combo for PC Gamer,$119.99 ,Free Shipping
324,VicTake Mechanical Gaming Keyboard with Blue Switches,$54.23 ,Free Shipping
325,R260 USB  Wired  Luminous Gaming Backlit  Keyboard With Similar Mechanical Feel Touch  Rainbow Suspension Keys For Lol Cf For Laptop Keyboard,$25.99 ,Free Shipping
326,CORN HK1600 2.4GHz Wireless Metal Cover Mechanical Feeling Suspension Keycaps Gaming Keyboard and Mouse Combo,$25.99 ,Free Shipping
327,LED Ergonomic Illuminated Gaming Keyboard Green Backlight Brightness USB Wired,$42.93 (,Free Shipping
328,Funtech K501 USB Gaming Keyboard 7 Color Backlight Illumination 116 Standard Keys 8 Programmable Macro Keys,$49.88 ,Free Shipping
329,Razer BlackWidow Ultimate 2014 Stealth Edition Elite Mechanical Gaming Keyboard RZ03-00386800-R3U1,$129.99 ,Free Shipping
330,Bloody LED B830 Compact Gaming Mechanical Keyboard with LK LightStrike Optic Blue Switch  Light Strike 0.2ms  Water Resistaence  and Swift Response (Black),$129.99 ,Free Shipping
331,A4tech LED B830 Compact Gaming Mechanical Keyboard with LK LightStrike Optic Blue Switch  Light Strike 0.2ms  Water Resistaence  and Swift Response (Gold),$129.99 ,Free Shipping
332,Cougar Ultimus 6 Backlight Mechnical Blue Switch Keyboard,$59.99 ,Free Shipping
333,LANGTU ZL200 High-end products Suspended keycap  green axis Mechanical keyboard Waterproof Colorful  breathing lights 104keys  RGB Backlight of Metal Panel USB Wired Gaming Keyboard,$36.99 ,Free Shipping
334,Corsair Gaming K70 LUX Mechanical Keyboard Backlit Red LED Cherry MX Red (CH-9101020-NA),$99.99 ,Free Shipping
335,KKmoon® Wired LED Adjustable 3 Colors Backlit Backlight Gaming Keyboard for Win7 8 Vista XP OSX,$26.00 ,Free Shipping
336,Hk5200 Modern Tv Game Computer 2.4G Wireless Keyboard and Mouse,$32.66 ,Free Shipping
337,SADES Blademail PC Gaming Keyboard Colorful LED Blacklight Laser Engraved Keycap,$90.99 (,Free Shipping
338,Tesoro Tizona G2N Blue Mechanical Switch USB Hub Tenkeyless Tournament Gaming Mechanical Keyboard TS-G2N (BL),$69.99 ,Free Shipping
339,SADES RJ PC Gaming Keyboards 19 non-conflict keys LED lights Metal Material-Black,$49.69 (,Free Shipping
340,Dare-u EK815 Liquid Cooling-Like Real Liquid Pipe Flow Shining LED Light Mechanical Gaming Keyboard - White,$61.99 ,Free Shipping
341,Dare-u EK815 Liquid Cooling-Like Real Liquid Pipe Flow Shining LED Light Mechanical Gaming Keyboard - White,$61.99 ,Free Shipping
342,Dare-u EK815 Liquid Cooling-Like Real Liquid Pipe Flow Shining LED Light Mechanical Gaming Keyboard - White,$61.99 ,Free Shipping
343,FLXE Green axis RGB Colorful Marquee Wired Waterproof Gaming Keyboard  Mechanical-Similar Typing/Gaming Experience 104-key Gaming Keyboard,$87.93 ,Free Shipping
344,GIGABYTE GK-XK700 XK700 Gaming Keyboard,$129.99 ,Free Shipping
345,Logitech G19s Gaming Keyboard MPN: 920-004985,$289.99 ,Free Shipping
346,AULA Rainbow RGB LED Backlit Gaming Keyboard & Mouse Combo with Pro-Gaming Mousepad Computer Peripherals Kit (Black Color),$62.99 ,Free Shipping
347,Eweadn Mad Warriors GX50 Ergonomic Multimedia PC Usb Gaming Keyboard Black White,$24.56 ,Free Shipping
348,Waterproof Colorful LED Illuminated Backlight USB Wired Gaming Game Keyboard-Black,$25.99 ,Free Shipping
349,AZZA KBAZ-005 Poseidon Gaming Keyboard,$29.99 ,$5.67 Shipping
350,Adesso Compact Mechanical USB and PS/2 Keyboard (MKB-125B),$86.99 ,Free Shipping
351,iGame Rapoo V500 RGB Backlit PC Mechanical Gaming Keyboard 87 Keys  Black  (White),$95.99 ,Free Shipping
352,Dare-u EK815 Liquid Cooling-Like Real Liquid Pipe Flow Shining LED Light Mechanical Gaming Keyboard,$61.99 ,Free Shipping
353,Ajazz The Dark Knight USB Gaming Keyboard Mouse Pad Combo Set & 7 LED Colors 2400DPI 6 Buttons USB Gaming Mouse,$52.39 (,Free Shipping
354,COUGAR KBC700-2IS Gaming Keyboard,$117.99 ,$1.99 Shipping
355,Victsing LED Backlit Wired Gaming Keyboard Mechanical-Similar Typing Experience,$72.67 ,Free Shipping
356,CORN G700 Rainbow LED Full Backlit Metal Panel Mechanical Feeling Gaming Keyboard with Phone Holder 104Keys,$39.99 ,Free Shipping
357,CORN 2.4GHz Wireless Gaming Keyboard & Mouse With Unique Ergonomic Design Suspension Buttons Energy Saving Technology,$24.99 ,Free Shipping
358,USB Wired Ergonomic Professional Gaming Keyboard with Blue LED Backlight for Desktop PC  Computer  Laptop  Notebook,$27.99 ,Free Shipping
359,Coolsnake XK5-5 Colorful Marquee Wired Waterproof Gaming Keyboard  Mechanical-Similar Typing/Gaming Experience 104-key Gaming Keyboard,$92.73 ,Free Shipping
360,EC Technology Portable Foldable Bluetooth Keyboard Mini Wireless Ergonomic Design  Built-in Rechargeable Li-polymer Battery for Android IOS Window 10 PC,$79.00 ,Free Shipping
361,SADES Blademail PC Gaming Keyboard Red Blue Purple LED 3 Switchable Backlight,$84.14 (,Free Shipping
362,Coolsnake XK18 Green axis Colorful Marquee Wired Waterproof Gaming Keyboard  Mechanical-Similar Typing/Gaming Experience 104-key Gaming Keyboard,$174.41 ,Free Shipping
363,Merdia FL·ESPORTS USB Wired Colorful Backlight Blue shaft Mechanical Armor Backlight GT104 Gaming Keyboard(Black),$168.60 ,Free Shipping
364,Logitech G105 920-003371 Gaming Keyboard USB Gaming Black Wired,$65.77 ,Free Shipping
365,Corsair K40 Gaming Keyboard  6 Programmable G Keys  Backlit Multicolor LED,$68.99 (,Free Shipping
366,CORN Avengers Rainbow Keys Gaming Keyboard PS/2 Interface,$49.99 ,Free Shipping
367,Black AULA USB Wired Gaming Game Mechanical Keyboard 87 Keys for Windows XP/ Visa/7/8/Mac OS,$57.88 ,Free Shipping
368,Professional Gaming Keyboard 8 LED Backlit Modes with Phone Holder Mechanical Feeling 104 Keys Waterproof for PC Laptop,$56.99 ,Free Shipping
369,ADESSO Tru-Form 150 AKB-150EB Black 105 Normal Keys USB Wired Ergonomic 3-Color Illuminated Keyboard,$42.73 (,Free Shipping
370,i-rocks IK6 Crystal Transparent Borderless Casing Mechanical-like Switches Anti Ghosting Gaming Keyboard,$38.99 ,Free Shipping
371,Corsair Gaming K70 LUX Mechanical Keyboard Backlit Red LED Cherry MX Red (CH-9101020-NA),$99.99 ,Free Shipping
372,CORN Eagle Aluminum Mechanical Gaming Keyboard RGB Backlit LED with Detachable Wrist Rest  Blue Switch,$89.99 (,Free Shipping
373,inland 70114 Gaming Keyboard,$22.00 ,$4.99 Shipping
374,CityForm 8100 Ergonomic Gaming Keyboard + 2.4GHz Cordless Gamer Gaming Mouse Set,$28.99 (,Free Shipping
375,AULA SI2013 Sapphire Spectrum Edition Wired Mechanical Blue Switch Gaming Keyboard With RGB LED,$39.99 ,Free Shipping
376,AULA LED Illuminated Ergonomic USB Multimedia Backlight Backlit Gaming Keyboard,$34.99 ,Free Shipping
377,ROCCAT ROC-12-771 ISKU+ Gaming Keyboard,$69.99 (,Free Shipping
378,Cliptec 3 LED Rainbow Backlight Multimedia USB Wired Gaming Keyboard + 2400 Adjustable DPI LED Wired Gaming Mouse + Extended Mice Mat Bundle Set (Keyboard+MiceC+Control Mat 900mmx290mmx4mm),$34.99 ,Free Shipping
379,SteelSeries 64255 6GV/2 Mechnical Gaming Keyboard  (Red Switch),$106.49 ,Free Shipping
380,Hk5200 Modern Tv Game Computer 2.4G Wireless Keyboard and Mouse,$32.88 ,Free Shipping
381,Tesoro TS-G5SFL BL Lobera Spectrum Blue Switch Single Key Full Color RGB Backlit Illuminated Mechanical Gaming Keyboard,$109.99 ,Free Shipping
382,MITU Professional Waterproof Wired Mechanics Green axis Gaming Keyboard USB Wired Gaming Keyboards for Windows 7 / 8 /10/ XP / Vista (6-colour Backlight),$62.11 ,Free Shipping
383,ROCCAT ROC-12-501-AM Arvo Compact Keyboard,$79.88 (,Free Shipping
384,Razer Blackwidow Ultimate 2016 Mechanical Gaming Keyboard(Green Switch),$112.88 ,Free Shipping
385,Razer BlackWidow 2014 Stealth Edition Expert Mechanical Gaming Keyboard RZ03-00393600-R3M1,$175.39 ,Free Shipping
386,Ozone Gaming Strike Battle Mechanical MX Brown Cherry Switches Keyboard,$89.99 ,Free Shipping
387,ROCCAT RYOS MK FX - RGB Mechanical Gaming Keyboard With Per-Key Illumination - Cherry MX Brown Switches,$149.99 ,Free Shipping
388,Delux T9 Professional Gaming Keyboard LED Backlight Double Space Key Bar CF / CS USB Wired Mini Portable Game Key Board,$27.49 ,Free Shipping
389,7 Color Changing LED 4800DPI USB Wiring Gamer Gaming Laptop Mouse,$12.36 ,Free Shipping
390,SteelSeries Apex Gaming Keyboard,$89.99 (,Free Shipping
391,Razer BlackWidow Chroma Call of Duty: Black Ops III Edition - Mechanical Gaming Keyboard,$169.62 ,Free Shipping
392,Cougar 200K KBC200-WXNMB LED Backlight Wired USB Gaming Keyboard w/ Scissor Key,$61.47 ,Free Shipping
393,Tt eSPORTS Poseidon Z Illuminated Mechanical Gaming Keyboard - Blue Switches,$76.88 (,Free Shipping
394,Tesoro Excalibur SE Spectrum Blue Optical Switch RGB LED Mechanical Splash Proof Gaming Keyboard TS-G7SFL-SE B (BL),$99.99 ,Free Shipping
395,Cliptec 3 LED Rainbow Color Illuminated Backlight Multimedia USB Wired Gaming Keyboard + 2400 Adjustable DPI LED Wired Gaming Mouse Mice Bundle Set (Keyboard + 500),$29.99 ,Free Shipping
396,HK8100 Generic Multimedia 2.4GHz Wireless Pro Gaming Keyboard and Mouse Combo for Desktop PC Laptop,$31.95 ,Free Shipping
397,iGame Eagle Z-77 Multicolor LED Backlit Mechanical Gaming Keyboard with Cherry MX Blue Switches (White),$56.89 ,Free Shipping
398,Noppoo Choc Mini 84s USB NKRO Mechanical Gaming Keyboard (Gateron Clear - 35g Linear) - [Black POM version],$59.99 ,Free Shipping
399,Qisan X300 Waterproof Multimedia LED 3 Colour Backlit USB Wired Professional Gaming Keyboard - White,$92.90 ,Free Shipping
400,MasterKeys Pro L Mechanical Keyboard with Intelligent White LED  Cherry MX Blue Switches  Multiple Lighting Modes and 100% Layout,$78.39 (,Free Shipping
401,Qisan X1000 Wireless 1600DPI Gaming Mouse + Wireless Gaming Keyboard Combo Set,$40.84 ,Free Shipping
402,Qisan 68 Keys Mini Mechanical Keyboard Gaming Keyboard  Blue Switch Design Gaming Wired Keyboard White Golden,$57.00 ,Free Shipping
403,Qisan 68 Keys Mini Mechanical Keyboard Gaming Keyboard  Black Switch Design for Gaming Wired Keyboard White Silver,$57.00 ,Free Shipping
404,Tt eSPORTS Poseidon Z Illuminated Mechanical Gaming Keyboard - Brown Switches,$99.99 ,Free Shipping
405,IOGEAR GKM602R Kaliber Gaming Wireless Keyboard and Mouse Combo,$41.43 (,Free Shipping
406,SADES Blademail PC Gaming Keyboard Red Blue Purple LED 3Switchable Backlit Color,$92.29 (,Free Shipping
407,RAZER Black USB Wired BlackWidow Ultimate Mechanical Gaming Keyboard,$239.99 ,Free Shipping
408,Corsair Gaming K70 LUX Mechanical Keyboard Backlit Red LED Cherry MX Red (CH-9101020-NA),$99.99 ,Free Shipping
409,Tt eSPORTS KB-PZR-KBBRUS-01 POSEIDON Z RGB Gaming Keyboard - Brown Switch Edition,$116.54 ,Free Shipping
410,MK Disco TKL RGB Backlit - White Keycap Edition Mechanical Keyboard (KBT Brown Switch),$121.00 ,Free Shipping
411,Logitech G105 Call of Duty: MW3 Edition Keyboard,$118.89 ,Free Shipping
412,Three Color Backlight M200 Multimedia Ergonomic Gaming Keyboard Blue/Red/Purple,$29.99 ,Free Shipping
413,inland 70117 Keyboard,$144.06 ,Free Shipping
414,AULA Rainbow RGB LED Backlit Gaming Keyboard & Mouse Combo with Pro-Gaming Mousepad Computer Peripherals Kit (White Color),$62.99 ,Free Shipping
415,LANGTU K002 Mechanical Keyboard Waterproof Colorful 104keys Multicolors RGB Backlight Gaming Keyboard of Metal Panel USB Wired Switchable Backlight Colors  (Silver),$48.50 ,Free Shipping
416,High Quality  Waterproof 2.4G Wireless Gaming Keyboard with Mouse DPI Control For DESKTOP PC Laptop Wireless Keyboard Mouse Combos,$28.61 ,Free Shipping
417,CityForm 8100 Ergonomic Gaming Keyboard + 2.4GHz Cordless Gamer Gaming Mouse Set,$28.99 (,Free Shipping
418,ENHANCE GX-K2 LED Gaming Keyboard with Mechanical Feel Hybrid Switches  104+ High Precision Keys and 3 Adjustable LED Backlight Colors,$32.67 (,$1.99 Shipping
419,CORN Multimedia Wireless Gaming Keyboard and Mouse Combo With USB RF 2.4GHz  Anti-Ghosting Feature & Water-Proof Design - Black & Blue,$24.99 ,Free Shipping
420,MotoSpeed K70 Colorful Illuminated Backlight Usb Wired Gaming Backlit Keyboard,$25.99 ,Free Shipping
421,SHARKOON 000SKSKP Skiller PRO Illuminated Gaming Keyboard,$33.31 ,Free Shipping
422,Razer BlackWidow Tournament Edition Mechanical PC Gaming Keyboard– Cherry MX Blue (RZ03-00810200-R3U1),$279.01 ,Free Shipping
423,E-Blue Cobra II EKM087BK Illuminated Gaming Keyboard,$88.99 ,Free Shipping
424,ABKO Haker K600 Blue Switch Mechanical Keyboard Action RGB LED 104 Key Gamer Gaming Keyboard,$99.00 ,Free Shipping
425,X-Lighting X-S550 2nd Rainbow Colorful Backlit Ergonomic Usb Gaming Keyboard,$35.99 ,Free Shipping
426,X-Lighting X-S550 2nd Rainbow Colorful Backlit Ergonomic Usb Gaming Keyboard,$35.99 ,Free Shipping
427,Rii ® K02+ 4 In 1 Multifunction Portable Mini Wireless Bluetooth Version Keyboard with Touchpad Mouse  Laser Pointer And Backlit LED   KODI XMBC Rechargable Keyboard,$55.99 ,Free Shipping
428,Rantopad MXX Mechanical Gaming Keyboard - 87 Keys  White Backlit  Red Switches  Grey Aluminum Cover  N-Key Rollover,$99.95 ,Free Shipping
429,Tesoro Excalibur G7NL V2  TS-G7NL-V2 Brown Mechanical Switch Blue LED Backlit Illuminated Mechanical Gaming Keyboard (New Version),$89.99 ,Free Shipping
430,Noppoo Choc Mini 84s USB NKRO Mechanical Gaming Keyboard (Gateron Blue - 55g Clicky) - [Black POM version],$59.99 ,Free Shipping
431,Tesoro Excalibur G7NL Backlit Mechanical Gaming Keyboard w/ Brown Switch,$89.99 ,Free Shipping
432,New Dell Alienware Wired USB Multimedia 5V QWERTY Gaming Keyboard SK-8165 KG100 T1 P90W8,$27.99 ,Free Shipping
433,Upgraded Anti-ghosting 104 Keys Mechanical Gaming Keyboard,$95.99 ,Free Shipping
434,SADES 104 Key USB Wired Ergonomic Backlight Mechanical Gaming Keyboard With Metal Panel For Pro Gamers,$84.99 ,Free Shipping
435,LANGTU ZL200 High-end products Suspended keycap  green axis Mechanical keyboard Waterproof Colorful  breathing lights 104keys  RGB Backlight of Metal Panel USB Wired Gaming Keyboard,$36.99 ,Free Shipping
436,ROCCAT Ryos MK USB Wired Mechanical Gaming Keyboard,$92.99 ,Free Shipping
437,Razer Tartarus Chroma 2015 RGB Backlit Gaming Keypad w 25 Programmable Keys,$99.99 ,$6.75 Shipping
438,A4tech LED B840 Gaming Keyboard with LK LightStrike Optic Blue Switch  Light Strike 0.2ms  Water Resistaence and Swift Response,,Free Shipping
439,CM Storm QuickFire TK - Compact Mechanical Gaming Keyboard with CHERRY MX Red Switches and Fully Backlit,$101.56 ,Free Shipping
440,EpicGear Defiant Mechanical Gaming Keyboard - EG MMS Orange Switch,$80.58 ,Free Shipping
441,Tt eSPORTS Poseidon Z Illuminated Mechanical Gaming Keyboard KB-PIZ-KLBLUS-06 - Blue Switches,$79.99 (,Free Shipping
442,Noppoo ® Choc Mini 84 NKRO 1ms REALKEY (RK) Technology Mechanical Gaming Keyboard - NOPPOO Blue Switches / POM KeyCaps,$94.99 ,Free Shipping
443,Rantopad MT Mechanical Gaming Keyboard - White Backlit  104 Laser Etched  Oil-proof Keys - Black Linear 50cN Switches,$129.99 ,Free Shipping
444,COUGAR ATTACK2-3B Cherry Blue Gaming Keyboard,$79.99 (,$1.99 Shipping
